<?xml version="1.0" encoding="UTF-8"?>
<!DOCTYPE fontscolors PUBLIC "-//NetBeans//DTD Editor Fonts and Colors settings 1.1//EN" "http://www.netbeans.org/dtds/EditorFontsColors-1_1.dtd">
<fontscolors>
    <fontcolor foreColor="black" name="caret-color-insert-mode"/>
    <fontcolor foreColor="ffffa8a8" name="text-limit-line-color"/>
    <fontcolor foreColor="ffce7b00" name="char"/>
    <fontcolor bgColor="ffdfdfdf" name="readonly-files"/>
    <fontcolor default="keyword" name="markup-element"/>
    <fontcolor foreColor="blue" name="hyperlinks" underline="blue"/>
    <fontcolor foreColor="red" name="status-bar-bold"/>
    <fontcolor foreColor="black" name="caret-color-overwrite-mode"/>
    <fontcolor name="status-bar"/>
    <fontcolor foreColor="ffcc0099" name="synchronized-text-blocks-ext"/>
    <fontcolor bgColor="ffffb442" foreColor="black" name="highlight-search"/>
    <fontcolor foreColor="ff996600" name="synchronized-text-blocks-ext-slave"/>
    <fontcolor default="string" name="markup-attribute-value"/>
    <fontcolor bgColor="ffd83636" name="nbeditor-bracesMatching-mismatch"/>
    <fontcolor foreColor="ff666666" name="code-folding"/>
    <fontcolor bgColor="ffe0e8f1" foreColor="black" name="block-search"/>
    <fontcolor name="error" waveUnderlined="red"/>
    <fontcolor bgColor="fff3ff0f" name="nbeditor-bracesMatching-match-multichar"/>
    <fontcolor foreColor="ff0064e6" name="keyword"/>
    <fontcolor foreColor="black" name="whitespace"/>
    <fontcolor bgColor="ffe9e8e2" foreColor="black" name="number"/>
    <fontcolor bgColor="ffe9eff8" name="highlight-caret-row"/>
    <fontcolor bgColor="ffb0c5e3" name="selection"/>
    <fontcolor name="operator"/>
    <fontcolor name="url" underline="blue"/>
    <fontcolor bgColor="ffffb442" foreColor="black" name="inc-search"/>
    <fontcolor default="identifier" foreColor="ff009900" name="field"/>
    <fontcolor bgColor="white" foreColor="black" name="default">
        <font name="Courier New" size="12"/>
    </fontcolor>
    <fontcolor foreColor="ff666666" name="code-folding-bar"/>
    <fontcolor foreColor="ffce7b00" name="string"/>
    <fontcolor bgColor="ffd83636" name="nbeditor-bracesMatching-mismatch-multichar"/>
    <fontcolor default="default" foreColor="black" name="entity-reference">
        <font style="bold"/>
    </fontcolor>
    <fontcolor default="identifier" name="method"/>
    <fontcolor bgColor="fff3ff0f" name="nbeditor-bracesMatching-match"/>
    <fontcolor bgColor="ffdfdfdf" name="guarded"/>
    <fontcolor foreColor="ff969696" name="comment"/>
    <fontcolor name="identifier"/>
    <fontcolor name="separator"/>
    <fontcolor default="field" name="markup-attribute"/>
</fontscolors>
